{
	"extract_config": {
		"useOriginalDB": true,
		"useWordsTranscript": false,
		"context": 40,
		"outputDirectory": "extract_pfiles_python/out",
		"sample_window_ms": 32
	},
	"train_config": {
		"num_labels": 2,
		"input_dim": 162,
		"files": {
			"test": "test.npz",
			"train": "train.npz",
			"validate": "validate.npz"
		},
		"output_dim": 1
	},
	"train_output": {
		"stats": {
			"0": {
				"weights": "epoch-000.pkl",
				"validation_error": 0.2994947112008427,
				"validation_loss": 0.5782764891392729,
				"training_loss": 0.5957415912119053
			},
			"1": {
				"weights": "epoch-001.pkl",
				"validation_error": 0.2887744689255618,
				"validation_loss": 0.5678862227189742,
				"training_loss": 0.5797891803650166
			},
			"2": {
				"weights": "epoch-002.pkl",
				"validation_error": 0.2849724587429775,
				"validation_loss": 0.5636364202318567,
				"training_loss": 0.5736216057348161
			},
			"3": {
				"weights": "epoch-003.pkl",
				"validation_error": 0.2830275632022472,
				"validation_loss": 0.5614784674907334,
				"training_loss": 0.5704191226508698
			},
			"4": {
				"weights": "epoch-004.pkl",
				"validation_error": 0.2806931399227528,
				"validation_loss": 0.5587146718138725,
				"training_loss": 0.5678837945776437
			},
			"5": {
				"weights": "epoch-005.pkl",
				"validation_error": 0.2807342872191011,
				"validation_loss": 0.5587478816885961,
				"training_loss": 0.5655937645834562
			},
			"6": {
				"weights": "epoch-006.pkl",
				"validation_error": 0.2833347963483146,
				"validation_loss": 0.5612010213263919,
				"training_loss": 0.5637416786100066
			},
			"7": {
				"weights": "epoch-007.pkl",
				"validation_error": 0.2802898964185393,
				"validation_loss": 0.5556619909246651,
				"training_loss": 0.5621955138874015
			},
			"8": {
				"weights": "epoch-008.pkl",
				"validation_error": 0.2778649490870787,
				"validation_loss": 0.5534502632832259,
				"training_loss": 0.5607095804874053
			},
			"9": {
				"weights": "epoch-009.pkl",
				"validation_error": 0.2769597085674157,
				"validation_loss": 0.5515095418465606,
				"training_loss": 0.5595112653492379
			},
			"10": {
				"weights": "epoch-010.pkl",
				"validation_error": 0.2777442503511236,
				"validation_loss": 0.5532422557138326,
				"training_loss": 0.5584914611657738
			},
			"11": {
				"weights": "epoch-011.pkl",
				"validation_error": 0.2764549683988764,
				"validation_loss": 0.5517344409495257,
				"training_loss": 0.5576965164916096
			},
			"12": {
				"weights": "epoch-012.pkl",
				"validation_error": 0.2758158137289326,
				"validation_loss": 0.5511847410476609,
				"training_loss": 0.5567477130229839
			},
			"13": {
				"weights": "epoch-013.pkl",
				"validation_error": 0.2776180653089888,
				"validation_loss": 0.5540975465156724,
				"training_loss": 0.5561051198445787
			},
			"14": {
				"weights": "epoch-014.pkl",
				"validation_error": 0.2761011016502809,
				"validation_loss": 0.5513337111372626,
				"training_loss": 0.555426981681185
			},
			"15": {
				"weights": "epoch-015.pkl",
				"validation_error": 0.2755414984199438,
				"validation_loss": 0.5508821788086985,
				"training_loss": 0.5547753244474628
			},
			"16": {
				"weights": "epoch-016.pkl",
				"validation_error": 0.2763452422752809,
				"validation_loss": 0.5510665921264151,
				"training_loss": 0.5542621496300193
			},
			"17": {
				"weights": "epoch-017.pkl",
				"validation_error": 0.2747377545646067,
				"validation_loss": 0.5485410555946023,
				"training_loss": 0.553581058633425
			},
			"18": {
				"weights": "epoch-018.pkl",
				"validation_error": 0.275804841116573,
				"validation_loss": 0.5505172402043356,
				"training_loss": 0.5530940728395166
			},
			"19": {
				"weights": "epoch-019.pkl",
				"validation_error": 0.2769789106390449,
				"validation_loss": 0.5525639562794332,
				"training_loss": 0.5526268242579041
			},
			"20": {
				"weights": "epoch-020.pkl",
				"validation_error": 0.2755469847261236,
				"validation_loss": 0.5497173196688462,
				"training_loss": 0.5521480235485788
			},
			"21": {
				"weights": "epoch-021.pkl",
				"validation_error": 0.2747377545646067,
				"validation_loss": 0.5483849717283182,
				"training_loss": 0.5517069162624357
			},
			"22": {
				"weights": "epoch-022.pkl",
				"validation_error": 0.2746444873595506,
				"validation_loss": 0.5480008764883105,
				"training_loss": 0.5514092746093712
			},
			"23": {
				"weights": "epoch-023.pkl",
				"validation_error": 0.2748721690660112,
				"validation_loss": 0.5480631003679519,
				"training_loss": 0.5510371372029774
			},
			"24": {
				"weights": "epoch-024.pkl",
				"validation_error": 0.2750230424859551,
				"validation_loss": 0.5505648081850135,
				"training_loss": 0.5506082702708286
			},
			"25": {
				"weights": "epoch-025.pkl",
				"validation_error": 0.2747953607794944,
				"validation_loss": 0.5487795282322704,
				"training_loss": 0.5502188093625663
			},
			"26": {
				"weights": "epoch-026.pkl",
				"validation_error": 0.2783367714185393,
				"validation_loss": 0.5531199126179969,
				"training_loss": 0.5498211247233926
			},
			"27": {
				"weights": "epoch-027.pkl",
				"validation_error": 0.2736514659410112,
				"validation_loss": 0.5475170822039749,
				"training_loss": 0.549424159477281
			},
			"28": {
				"weights": "epoch-028.pkl",
				"validation_error": 0.2742577027738764,
				"validation_loss": 0.5470299534708931,
				"training_loss": 0.5489879608002468
			},
			"29": {
				"weights": "epoch-029.pkl",
				"validation_error": 0.2745183023174157,
				"validation_loss": 0.54740290096804,
				"training_loss": 0.5487365608744974
			},
			"30": {
				"weights": "epoch-030.pkl",
				"validation_error": 0.272680389747191,
				"validation_loss": 0.5456382197987163,
				"training_loss": 0.5483974346803394
			},
			"31": {
				"weights": "epoch-031.pkl",
				"validation_error": 0.2734292705407303,
				"validation_loss": 0.5454186313482148,
				"training_loss": 0.548008116245078
			},
			"32": {
				"weights": "epoch-032.pkl",
				"validation_error": 0.2762986086727528,
				"validation_loss": 0.5500747766555025,
				"training_loss": 0.547711348786145
			},
			"33": {
				"weights": "epoch-033.pkl",
				"validation_error": 0.2735472261235955,
				"validation_loss": 0.5456552197424214,
				"training_loss": 0.5474586376401179
			},
			"34": {
				"weights": "epoch-034.pkl",
				"validation_error": 0.2875373068820225,
				"validation_loss": 0.5687458430406418,
				"training_loss": 0.5471893382973031
			},
			"35": {
				"weights": "epoch-035.pkl",
				"validation_error": 0.2725130574087079,
				"validation_loss": 0.5450453856394867,
				"training_loss": 0.5468272457818496
			},
			"36": {
				"weights": "epoch-036.pkl",
				"validation_error": 0.273193359375,
				"validation_loss": 0.547397793427612,
				"training_loss": 0.5466065477239717
			},
			"37": {
				"weights": "epoch-037.pkl",
				"validation_error": 0.2750120698735955,
				"validation_loss": 0.5468188489086172,
				"training_loss": 0.5463470588649849
			},
			"38": {
				"weights": "epoch-038.pkl",
				"validation_error": 0.2726913623595506,
				"validation_loss": 0.545532790588194,
				"training_loss": 0.5460558587747407
			},
			"39": {
				"weights": "epoch-039.pkl",
				"validation_error": 0.2733716643258427,
				"validation_loss": 0.546583708291978,
				"training_loss": 0.5458042040329418
			},
			"40": {
				"weights": "epoch-040.pkl",
				"validation_error": 0.2730726606390449,
				"validation_loss": 0.5454203424703205,
				"training_loss": 0.545577741776799
			},
			"41": {
				"weights": "epoch-041.pkl",
				"validation_error": 0.2725267731741573,
				"validation_loss": 0.5458277026714569,
				"training_loss": 0.5453754054935069
			},
			"42": {
				"weights": "epoch-042.pkl",
				"validation_error": 0.2721756495786517,
				"validation_loss": 0.5450627438179897,
				"training_loss": 0.5451867939328233
			},
			"43": {
				"weights": "epoch-043.pkl",