{
	"extract_config": {
		"outputDirectory": "extract_pfiles_python/out",
		"sample_window_ms": 32,
		"context": 40,
		"useOriginalDB": true,
		"useWordsTranscript": false
	},
	"train_config": {
		"num_labels": 2,
		"output_dim": 1,
		"input_dim": 162,
		"files": {
			"validate": "validate.npz",
			"train": "train.npz",
			"test": "test.npz"
		}
	},
	"train_output": {
		"model": "network_model.py",
		"stats": {
			"0": {
				"training_loss": 0.6191053167115365,
				"weights": "epoch-000.pkl",
				"validation_error": 0.3408175693469101,
				"validation_loss": 0.6133507621171099
			},
			"1": {
				"training_loss": 0.6122320353233681,
				"weights": "epoch-001.pkl",
				"validation_error": 0.311498749122191,
				"validation_loss": 0.6045287472478459
			},
			"2": {
				"training_loss": 0.608867062538171,
				"weights": "epoch-002.pkl",
				"validation_error": 0.324852418363764,
				"validation_loss": 0.604804675398248
			},
			"3": {
				"training_loss": 0.6070847516365769,
				"weights": "epoch-003.pkl",
				"validation_error": 0.316675079002809,
				"validation_loss": 0.600182789932476
			},
			"4": {
				"training_loss": 0.6060719128180195,
				"weights": "epoch-004.pkl",
				"validation_error": 0.311180543363764,
				"validation_loss": 0.5991068987615322
			},
			"5": {
				"training_loss": 0.6055658057038371,
				"weights": "epoch-005.pkl",
				"validation_error": 0.3141129740168539,
				"validation_loss": 0.5993947908700852
			},
			"6": {
				"training_loss": 0.6052365146856044,
				"weights": "epoch-006.pkl",
				"validation_error": 0.3182770804073034,
				"validation_loss": 0.6015629319243887
			},
			"7": {
				"training_loss": 0.6049952677826026,
				"weights": "epoch-007.pkl",
				"validation_error": 0.3113122147120787,
				"validation_loss": 0.5985057021627266
			},
			"8": {
				"training_loss": 0.6048005978700575,
				"weights": "epoch-008.pkl",
				"validation_error": 0.311912965238764,
				"validation_loss": 0.5981359825459089
			},
			"9": {
				"training_loss": 0.6046665678164613,
				"weights": "epoch-009.pkl",
				"validation_error": 0.3117374034410112,
				"validation_loss": 0.59836669801996
			},
			"10": {
				"training_loss": 0.6045142521582048,
				"weights": "epoch-010.pkl",
				"validation_error": 0.3122695751404494,
				"validation_loss": 0.5985242910264583
			},
			"11": {
				"training_loss": 0.6044075858107136,
				"weights": "epoch-011.pkl",
				"validation_error": 0.3124286780196629,
				"validation_loss": 0.5982446488034859
			},
			"12": {
				"training_loss": 0.6043222073352214,
				"weights": "epoch-012.pkl",
				"validation_error": 0.3119595988412921,
				"validation_loss": 0.5982299392645278
			},
			"13": {
				"training_loss": 0.604251836472629,
				"weights": "epoch-013.pkl",
				"validation_error": 0.3113231873244382,
				"validation_loss": 0.5977547635439406
			},
			"14": {
				"training_loss": 0.6042066491797681,
				"weights": "epoch-014.pkl",
				"validation_error": 0.313794768258427,
				"validation_loss": 0.5991488325127056
			},
			"15": {
				"training_loss": 0.6041152622979741,
				"weights": "epoch-015.pkl",
				"validation_error": 0.3103877721207865,
				"validation_loss": 0.5979346591100264
			},
			"16": {
				"training_loss": 0.6040768207861569,
				"weights": "epoch-016.pkl",
				"validation_error": 0.3100037306882022,
				"validation_loss": 0.5992496584154917
			},
			"17": {
				"training_loss": 0.6039810985714329,
				"weights": "epoch-017.pkl",
				"validation_error": 0.3105386455407303,
				"validation_loss": 0.5978536886696735
			},
			"18": {
				"training_loss": 0.6039500529739872,
				"weights": "epoch-018.pkl",
				"validation_error": 0.3112079748946629,
				"validation_loss": 0.597798351449578
			},
			"19": {
				"training_loss": 0.6039175119544181,
				"weights": "epoch-019.pkl",
				"validation_error": 0.3109665774227528,
				"validation_loss": 0.5977445588018118
			},
			"20": {
				"training_loss": 0.6038780605677929,
				"weights": "epoch-020.pkl",
				"validation_error": 0.3103905152738764,
				"validation_loss": 0.5976702467527952
			},
			"21": {
				"training_loss": 0.6038106378656816,
				"weights": "epoch-021.pkl",
				"validation_error": 0.3156683418188202,
				"validation_loss": 0.600409748974476
			},
			"22": {
				"training_loss": 0.6038026035926763,
				"weights": "epoch-022.pkl",
				"validation_error": 0.3126563597261236,
				"validation_loss": 0.5980073869898078
			},
			"23": {
				"training_loss": 0.6037625660044783,
				"weights": "epoch-023.pkl",
				"validation_error": 0.3105523613061798,
				"validation_loss": 0.5975378266629878
			},
			"24": {
				"training_loss": 0.6037380253602199,
				"weights": "epoch-024.pkl",
				"validation_error": 0.3098775456460674,
				"validation_loss": 0.59858614252357
			},
			"25": {
				"training_loss": 0.6036789087599381,
				"weights": "epoch-025.pkl",
				"validation_error": 0.3163404143258427,
				"validation_loss": 0.6007484518242686
			},
			"26": {
				"training_loss": 0.6036402454827231,
				"weights": "epoch-026.pkl",
				"validation_error": 0.3106566011235955,
				"validation_loss": 0.597262161292052
			},
			"27": {
				"training_loss": 0.6036236511189044,
				"weights": "epoch-027.pkl",
				"validation_error": 0.3141815528441011,
				"validation_loss": 0.5991781770429584
			},
			"28": {
				"training_loss": 0.60360406822822,
				"weights": "epoch-028.pkl",
				"validation_error": 0.309984528616573,
				"validation_loss": 0.597647684092602
			},
			"29": {
				"training_loss": 0.603565412430553,
				"weights": "epoch-029.pkl",
				"validation_error": 0.3101820356390449,
				"validation_loss": 0.5977960933795136
			},
			"30": {
				"training_loss": 0.6035526691708588,
				"weights": "epoch-030.pkl",
				"validation_error": 0.3103191932935393,
				"validation_loss": 0.5971902798484551
			},
			"31": {
				"training_loss": 0.6035227733261544,
				"weights": "epoch-031.pkl",
				"validation_error": 0.310815704002809,
				"validation_loss": 0.5971578970300347
			},
			"32": {
				"training_loss": 0.6035162039138082,
				"weights": "epoch-032.pkl",
				"validation_error": 0.309888518258427,
				"validation_loss": 0.5973122181852212
			},
			"33": {
				"training_loss": 0.6034772388815863,
				"weights": "epoch-033.pkl",
				"validation_error": 0.3112107180477528,
				"validation_loss": 0.597243798080455
			},
			"34": {
				"training_loss": 0.6034480481161191,
				"weights": "epoch-034.pkl",
				"validation_error": 0.3117950096558989,
				"validation_loss": 0.5974247614654262
			},
			"35": {
				"training_loss": 0.6034382441269519,
				"weights": "epoch-035.pkl",
				"validation_error": 0.3102478713132022,
				"validation_loss": 0.596985827419865
			},
			"36": {
				"training_loss": 0.6034106127073721,
				"weights": "epoch-036.pkl",
				"validation_error": 0.3107306662570225,
				"validation_loss": 0.5969995057649826
			},
			"37": {
				"training_loss": 0.6033934914989052,
				"weights": "epoch-037.pkl",
				"validation_error": 0.3097486174508427,
				"validation_loss": 0.5977664077131266
			},
			"38": {
				"training_loss": 0.6033364832241456,
				"weights": "epoch-038.pkl",
				"validation_error": 0.312475311622191,
				"validation_loss": 0.5980600615063411
			},
			"39": {
				"training_loss": 0.6033522390555338,
				"weights": "epoch-039.pkl",
				"validation_error": 0.3110735603932584,
				"validation_loss": 0.5972373491006621
			},
			"40": {
				"training_loss": 0.6033193097946903,
				"weights": "epoch-040.pkl",
				"validation_error": 0.3101957514044944,
				"validation_loss": 0.5970032474633014
			},
			"41": {
				"training_loss": 0.6033219206723119,
				"weights": "epoch-041.pkl",
				"validation_error": 0.3133586069171348,
				"validation_loss": 0.598432137599487
			},
			"42": {
				"training_loss": 0.6032915177166598,
				"weights": "epoch-042.pkl",
				"validation_error": 0.310132658883427,
				"validation_loss": 0.5970779191493318
			},
			"43": {
				"training_loss": 0.6032791990251896,