{
	"extract_config": {
		"sample_window_ms": 32,
		"useOriginalDB": true,
		"context": 40,
		"useWordsTranscript": false,
		"outputDirectory": "extract_pfiles_python/out"
	},
	"train_output": {
		"model": "network_model.py",
		"source": "extract_pfiles_python/out/v024-gauss-sgd-1-7-g13ff9f6-context40/config.json",
		"stats": {
			"0": {
				"validation_error": 0.2966363456811798,
				"validation_loss": 0.5765289231255818,
				"training_loss": 0.5950527891330896,
				"weights": "epoch-000.pkl"
			},
			"1": {
				"validation_error": 0.2872849367977528,
				"validation_loss": 0.5673019305038988,
				"training_loss": 0.5788900824314884,
				"weights": "epoch-001.pkl"
			},
			"2": {
				"validation_error": 0.2843689650632022,
				"validation_loss": 0.5633684061049076,
				"training_loss": 0.5725080204131473,
				"weights": "epoch-002.pkl"
			},
			"3": {
				"validation_error": 0.2827285595154494,
				"validation_loss": 0.5606137193069699,
				"training_loss": 0.5691831107452994,
				"weights": "epoch-003.pkl"
			},
			"4": {
				"validation_error": 0.282788908883427,
				"validation_loss": 0.5598911230316322,
				"training_loss": 0.5667488462708562,
				"weights": "epoch-004.pkl"
			},
			"5": {
				"validation_error": 0.2816724455758427,
				"validation_loss": 0.5588091079647957,
				"training_loss": 0.5646379450172534,
				"weights": "epoch-005.pkl"
			},
			"6": {
				"validation_error": 0.2797686973314607,
				"validation_loss": 0.5563627784297372,
				"training_loss": 0.5628670784052328,
				"weights": "epoch-006.pkl"
			},
			"7": {
				"validation_error": 0.281543517380618,
				"validation_loss": 0.5576667323122534,
				"training_loss": 0.5613257758781856,
				"weights": "epoch-007.pkl"
			},
			"8": {
				"validation_error": 0.2782681925912921,
				"validation_loss": 0.5545337528953057,
				"training_loss": 0.5601027469214525,
				"weights": "epoch-008.pkl"
			},
			"9": {
				"validation_error": 0.2782599631320225,
				"validation_loss": 0.5534468768059873,
				"training_loss": 0.5589542409253034,
				"weights": "epoch-009.pkl"
			},
			"10": {
				"validation_error": 0.2781557233146067,
				"validation_loss": 0.5537299456891049,
				"training_loss": 0.5579152863943668,
				"weights": "epoch-010.pkl"
			},
			"11": {
				"validation_error": 0.2770804073033708,
				"validation_loss": 0.5515649975015876,
				"training_loss": 0.5569792616553529,
				"weights": "epoch-011.pkl"
			},
			"12": {
				"validation_error": 0.2770063421699438,
				"validation_loss": 0.551470549002792,
				"training_loss": 0.5561279942337606,
				"weights": "epoch-012.pkl"
			},
			"13": {
				"validation_error": 0.2767704310042135,
				"validation_loss": 0.5508515588688047,
				"training_loss": 0.555215400221249,
				"weights": "epoch-013.pkl"
			},
			"14": {
				"validation_error": 0.2754537175210674,
				"validation_loss": 0.5484905910332886,
				"training_loss": 0.5543753956163004,
				"weights": "epoch-014.pkl"
			},
			"15": {
				"validation_error": 0.2771352703651685,
				"validation_loss": 0.5507850949390886,
				"training_loss": 0.5536285467762493,
				"weights": "epoch-015.pkl"
			},
			"16": {
				"validation_error": 0.2749133163623596,
				"validation_loss": 0.547137401328328,
				"training_loss": 0.5529068671661338,
				"weights": "epoch-016.pkl"
			},
			"17": {
				"validation_error": 0.2788963746488764,
				"validation_loss": 0.5510245542136136,
				"training_loss": 0.5522102637371024,
				"weights": "epoch-017.pkl"
			},
			"18": {
				"validation_error": 0.2756923718398876,
				"validation_loss": 0.5487254983588551,
				"training_loss": 0.551608406269993,
				"weights": "epoch-018.pkl"
			},
			"19": {
				"validation_error": 0.2742138123244382,
				"validation_loss": 0.5479384891981824,
				"training_loss": 0.5510287801407349,
				"weights": "epoch-019.pkl"
			},
			"20": {
				"validation_error": 0.2739724148525281,
				"validation_loss": 0.5467304221741603,
				"training_loss": 0.5504916188987463,
				"weights": "epoch-020.pkl"
			},
			"21": {
				"validation_error": 0.2759474850772472,
				"validation_loss": 0.548221919329816,
				"training_loss": 0.550025613775984,
				"weights": "epoch-021.pkl"
			},
			"22": {
				"validation_error": 0.2775686885533708,
				"validation_loss": 0.5502869715558344,
				"training_loss": 0.5495896225924753,
				"weights": "epoch-022.pkl"
			},
			"23": {
				"validation_error": 0.273536253511236,
				"validation_loss": 0.5466070280232457,
				"training_loss": 0.5491410768800006,
				"weights": "epoch-023.pkl"
			},
			"24": {
				"validation_error": 0.2735307672050562,
				"validation_loss": 0.5452943496154935,
				"training_loss": 0.5486600523057165,
				"weights": "epoch-024.pkl"
			},
			"25": {
				"validation_error": 0.2740739115168539,
				"validation_loss": 0.5462200091628546,
				"training_loss": 0.5484027131474966,
				"weights": "epoch-025.pkl"
			},
			"26": {
				"validation_error": 0.2737392468398876,
				"validation_loss": 0.5458819235811073,
				"training_loss": 0.5480194890993756,
				"weights": "epoch-026.pkl"
			},
			"27": {
				"validation_error": 0.2741068293539326,
				"validation_loss": 0.5471202100135302,
				"training_loss": 0.547674007998473,
				"weights": "epoch-027.pkl"
			},
			"28": {
				"validation_error": 0.2732893697331461,
				"validation_loss": 0.547163916668028,
				"training_loss": 0.5473925770867333,
				"weights": "epoch-028.pkl"
			},
			"29": {
				"validation_error": 0.2732098182935393,
				"validation_loss": 0.5461102973125623,
				"training_loss": 0.547020154680399,
				"weights": "epoch-029.pkl"
			},
			"30": {
				"validation_error": 0.2756512245435393,
				"validation_loss": 0.5470738799803043,
				"training_loss": 0.5467170100239107,
				"weights": "epoch-030.pkl"
			},
			"31": {
				"validation_error": 0.2737173016151685,
				"validation_loss": 0.5456258290855402,
				"training_loss": 0.5464860567547614,
				"weights": "epoch-031.pkl"
			},
			"32": {
				"validation_error": 0.2735966028792135,
				"validation_loss": 0.5460902444516005,
				"training_loss": 0.5461279466031048,
				"weights": "epoch-032.pkl"
			},
			"33": {
				"validation_error": 0.2745978537570225,
				"validation_loss": 0.5472469333601132,
				"training_loss": 0.545863529810846,
				"weights": "epoch-033.pkl"
			},
			"34": {
				"validation_error": 0.2731467257724719,
				"validation_loss": 0.5453032676046818,
				"training_loss": 0.545584356689728,
				"weights": "epoch-034.pkl"
			},
			"35": {
				"validation_error": 0.2736459796348315,
				"validation_loss": 0.5454981024847941,
				"training_loss": 0.5452874598230301,
				"weights": "epoch-035.pkl"
			},
			"36": {
				"validation_error": 0.2731467257724719,
				"validation_loss": 0.5453231597968032,
				"training_loss": 0.5450817792588863,
				"weights": "epoch-036.pkl"
			},
			"37": {
				"validation_error": 0.2745457338483146,
				"validation_loss": 0.5460882841117596,
				"training_loss": 0.5448091214212819,
				"weights": "epoch-037.pkl"
			},
			"38": {
				"validation_error": 0.2731631846910112,
				"validation_loss": 0.5447780041421733,
				"training_loss": 0.5445691822504994,
				"weights": "epoch-038.pkl"
			},
			"39": {
				"validation_error": 0.2737995962078652,
				"validation_loss": 0.5455370977981372,
				"training_loss": 0.5443303572606555,
				"weights": "epoch-039.pkl"
			},
			"40": {
				"validation_error": 0.2739586990870787,
				"validation_loss": 0.5467635453626346,
				"training_loss": 0.5441553279515773,
				"weights": "epoch-040.pkl"
			},
			"41": {
				"validation_error": 0.2723347524578652,
				"validation_loss": 0.5443599538647392,
				"training_loss": 0.543882591946305,
				"weights": "epoch-041.pkl"
			},
			"42": {
				"validation_error": 0.2732290203651685,
				"validation_loss": 0.5454029242058148,
				"training_loss": 0.5437360098629187,
				"weights": "epoch-042.pkl"
			},
			"43": {
				"validation_error": 0.2717916081460674,
				"validation_loss": 0.5437475101540933,